personal_experience,promotion
https://www.travelblog.org/Europe/Austria/Vienna/blog-1045304.html,https://www.goturkey.com/blog/turkey-s-best-known-cittaslow-cities
https://www.travelblog.org/Europe/United-Kingdom/blog-1048275.html,https://www.tripadvisor.com/blog/some-of-europes-best-skiing-is-in-tiny-andorra/
https://www.travelblog.org/Europe/United-Kingdom/England/Greater-London/blog-1047658.html,https://www.tripadvisor.com/blog/russia-kaliningrad-named-travelers-choice-1-emerging-destination/
https://www.travelblog.org/Europe/United-Kingdom/Northern-Ireland/County-Antrim/Belfast/blog-1040343.html,https://www.tripadvisor.com/blog/kochi-india-named-travelers-choice-top-trending-destination/?translate=en
https://www.travelblog.org/Europe/United-Kingdom/Scotland/Aberdeenshire/Aberdeen/blog-1018515.html,https://www.tripadvisor.com/CruiseSolutions-a_name.victory+cruise+lines+ta
https://www.travelblog.org/Europe/United-Kingdom/Wales/Pembrokeshire/blog-1020732.html,https://www.tripadvisor.com/CruiseSolutions-a_name.victory+cruise+lines+ta
https://www.travelblog.org/Europe/Estonia/Parnu/blog-998426.html,https://www.tripadvisor.com/CruiseSolutions-a_name.victory+cruise+lines+ta
https://www.travelblog.org/Europe/Estonia/Tallinn/blog-1034127.html,https://www.tripadvisor.com/CruiseSolutions-a_name.victory+cruise+lines+ta
https://www.travelblog.org/Europe/Italy/Sicily/Ragusa/blog-1012669.html,https://www.tripadvisor.com/CruiseSolutions-a_name.silversea+immersive+cruises+ta
https://www.travelblog.org/Europe/Italy/Sardinia/Cagliari/blog-740208.html,https://www.tripadvisor.com/CruiseSolutions-a_name.silversea+immersive+cruises+ta
https://www.travelblog.org/Europe/Italy/Abruzzo/Pescara/blog-211724.html,https://www.tripadvisor.com/CruiseSolutions-a_name.silversea+immersive+cruises+ta
https://www.travelblog.org/Europe/Italy/Aosta-Valley/Pila/blog-78319.html,https://www.tripadvisor.com/CruiseSolutions-a_name.silversea+immersive+cruises+ta
https://www.travelblog.org/Europe/Italy/Liguria/Monterosso-al-Mare/blog-966037.html,https://www.tripadvisor.com/VacationRentalReview-g4563454-d4520190-Green_Villa_Mondello_Palermo-Mondello_Palermo_Province_of_Palermo_Sicily.html
https://www.travelblog.org/Europe/Italy/Liguria/Monterosso-al-Mare/blog-658631.html,https://www.goturkey.com/destinations/adana
https://www.travelblog.org/Europe/Italy/Lazio/Monte-Cassino/blog-1042396.html,https://www.goturkey.com/destinations/anavarza
https://www.travelblog.org/Europe/Italy/Lazio/Monte-Cassino/blog-962586.html,https://www.goturkey.com/destinations/burdur
https://www.travelblog.org/Europe/Italy/Lazio/Ostia-Antica/blog-264392.html,https://www.goturkey.com/destinations/agri
https://www.travelblog.org/Europe/Italy/Emilia-Romagna/Ravenna/blog-786484.html,https://www.goturkey.com/destinations/bitlis
https://www.travelblog.org/Europe/Italy/Campania/Pompei/blog-980107.html,https://www.goturkey.com/destinations/erzurum
https://www.travelblog.org/Europe/Italy/Campania/Pompei/blog-995357.html,https://www.goturkey.com/destinations/aydin
https://www.travelblog.org/Europe/Italy/Campania/Amalfi/blog-980277.html,https://www.goturkey.com/destinations/denizli
https://www.travelblog.org/Europe/Italy/Friuli-Venezia-Giulia/Trieste/blog-930789.html,https://www.goturkey.com/destinations/mugla
https://www.travelblog.org/Europe/Italy/Friuli-Venezia-Giulia/Trieste/blog-721112.html,https://www.goturkey.com/destinations/uludag
https://www.travelblog.org/Europe/Italy/Piedmont/Alba/blog-515584.html,https://www.goturkey.com/destinations/troy
https://www.travelblog.org/Europe/Italy/Piedmont/Alba/blog-1033775.html,https://www.goturkey.com/destinations/gulhane-park
https://www.travelblog.org/Europe/Italy/Marche/Ancona/blog-402213.html,https://www.goturkey.com/destinations/edirne
https://www.travelblog.org/Europe/Italy/Tuscany/Viareggio/blog-318854.html,https://www.goturkey.com/destinations/canakkale
https://www.travelblog.org/Europe/Italy/Tuscany/Viareggio/blog-744468.html,https://www.goturkey.com/destinations/cunda-alibey-island
https://www.travelblog.org/Europe/Italy/Tuscany/Volterra/blog-494236.html,https://www.goturkey.com/destinations/alacati
https://www.travelblog.org/Europe/Netherlands/Drenthe/Assen/blog-507664.html,https://www.goturkey.com/destinations/alanya
https://www.travelblog.org/Europe/Netherlands/Drenthe/Schoonebeek/blog-630591.html,https://www.goturkey.com/destinations/antalya
https://www.travelblog.org/Europe/Netherlands/Flevoland/Urk/blog-927274.html,https://www.goturkey.com/destinations/ayvalik
https://www.travelblog.org/Europe/Netherlands/Friesland/Leeuwarden/,https://www.goturkey.com/destinations/bergama
https://www.travelblog.org/Europe/Netherlands/Friesland/Sneek/blog-920112.html,https://www.goturkey.com/destinations/cappadocia
https://www.travelblog.org/Europe/Netherlands/Frisia/blog-300216.html,https://www.goturkey.com/destinations/dalyan
https://www.travelblog.org/Europe/Netherlands/Frisia/blog-762416.html,https://www.goturkey.com/destinations/demre-and-patara
https://www.travelblog.org/Europe/Netherlands/Gelderland/Arnhem/blog-845422.html,https://www.goturkey.com/destinations/didim
https://www.travelblog.org/Europe/Netherlands/Gelderland/Nijmegen/blog-1037990.html,https://www.goturkey.com/destinations/ephesus
https://www.travelblog.org/Europe/Netherlands/Gelderland/Wageningen/blog-408375.html,https://www.goturkey.com/destinations/fethiye
https://www.travelblog.org/Europe/Netherlands/Limburg/Maastricht/blog-984278.html,https://www.goturkey.com/destinations/gobeklitepe
https://www.travelblog.org/Europe/Netherlands/Limburg/Venlo/blog-1016399.html,https://www.goturkey.com/destinations/gocek
https://www.travelblog.org/Europe/Netherlands/Limburg/Vaals/blog-895212.html,https://www.goturkey.com/destinations/hattusas
https://www.travelblog.org/Europe/Netherlands/North-Brabant/Baarle-Nassau/blog-883583.html,https://www.goturkey.com/destinations/istanbul
https://www.travelblog.org/Europe/Netherlands/North-Brabant/Breda/blog-607596.html,https://www.goturkey.com/destinations/izmir
https://www.travelblog.org/Europe/Netherlands/North-Brabant/Den-Bosch/blog-404940.html,https://www.goturkey.com/destinations/iztuzu
https://www.travelblog.org/Europe/Netherlands/North-Brabant/Eindhoven/blog-939099.html,https://www.goturkey.com/destinations/kemer
https://www.travelblog.org/Europe/Netherlands/North-Brabant/Etten-Leur/blog-975197.html,https://www.goturkey.com/destinations/kusadasi
https://www.travelblog.org/Europe/Netherlands/North-Brabant/Sint-Anthonis/blog-889844.html,https://www.goturkey.com/destinations/konya
https://www.travelblog.org/Europe/Netherlands/North-Holland/Amsterdam/blog-1041624.html,https://www.goturkey.com/destinations/nemrut
https://www.bucketlistly.blog/posts/two-weeks-egypt-itinerary-backpackers,https://www.goturkey.com/destinations/pamukkale
https://www.bucketlistly.blog/posts/luxor-the-land-of-the-palaces-egypt-solo,https://www.goturkey.com/destinations/safranbolu
https://www.bucketlistly.blog/posts/abu-simbel-aswan-egypt-backpackers,https://www.goturkey.com/destinations/side
https://www.bucketlistly.blog/posts/luxor-the-land-of-the-palaces-egypt-solo,http://www.visitgreece.gr/en/culture/world_heritage_sites/temple_of_apollo_epicurius
https://www.bucketlistly.blog/posts/abu-simbel-aswan-egypt-backpackers,http://www.visitgreece.gr/en/culture/world_heritage_sites/delphi
https://www.bucketlistly.blog/posts/luxor-the-land-of-the-palaces-egypt-solo,http://www.visitgreece.gr/en/culture/archaeological_sites/the_acropolis
https://www.bucketlistly.blog/posts/abu-simbel-aswan-egypt-backpackers,http://www.visitgreece.gr/en/culture/archaeological_sites/sanctuary_of_asklepios_at_epidaurus
https://www.bucketlistly.blog/posts/luxor-the-land-of-the-palaces-egypt-solo,http://www.visitgreece.gr/en/culture/world_heritage_sites/monastic_community_agio_oros
https://www.bucketlistly.blog/posts/abu-simbel-aswan-egypt-backpackers,http://www.visitgreece.gr/en/culture/archaeological_sites/the_medieval_town_of_rhodes
https://www.bucketlistly.blog/posts/luxor-the-land-of-the-palaces-egypt-solo,http://www.visitgreece.gr/en/religion/monasteries/meteora_the_most_photogenic_spiritual_site_in_greece
https://www.bucketlistly.blog/posts/abu-simbel-aswan-egypt-backpackers,http://www.visitgreece.gr/en/culture/world_heritage_sites/paleochristian_and_byzantine_thessaloniki
https://www.bucketlistly.blog/posts/luxor-the-land-of-the-palaces-egypt-solo,http://www.visitgreece.gr/en/destinations/mystras
https://www.bucketlistly.blog/posts/abu-simbel-aswan-egypt-backpackers,http://www.visitgreece.gr/en/culture/world_heritage_sites/olympia_archaeological_site
https://www.bucketlistly.blog/posts/luxor-the-land-of-the-palaces-egypt-solo,http://www.visitgreece.gr/en/culture/world_heritage_sites/delos
https://www.bucketlistly.blog/posts/abu-simbel-aswan-egypt-backpackers,http://www.visitgreece.gr/en/culture/world_heritage_sites/invisible_unesco_threads
https://www.bucketlistly.blog/posts/luxor-the-land-of-the-palaces-egypt-solo,http://www.visitgreece.gr/en/culture/world_heritage_sites/heraion_of_samos
https://www.bucketlistly.blog/posts/abu-simbel-aswan-egypt-backpackers,http://www.visitgreece.gr/en/culture/world_heritage_sites/vergina
https://www.bucketlistly.blog/posts/luxor-the-land-of-the-palaces-egypt-solo,http://www.visitgreece.gr/en/culture/archaeological_sites/mycenae_and_tiryns
https://www.bucketlistly.blog/posts/abu-simbel-aswan-egypt-backpackers,http://www.visitgreece.gr/en/culture/world_heritage_sites/aghios_ioannis_theologos_monastery
https://www.bucketlistly.blog/posts/luxor-the-land-of-the-palaces-egypt-solo,http://www.visitgreece.gr/en/greeceonthespotlight/philippi_is_now_a_unesco_world_heritage_site
https://www.bucketlistly.blog/posts/abu-simbel-aswan-egypt-backpackers,http://www.visitgreece.gr/en/mainland/villages_on_mt_olympus
https://www.bucketlistly.blog/posts/luxor-the-land-of-the-palaces-egypt-solo,http://www.visitgreece.gr/en/touring/on_foot
https://www.bucketlistly.blog/posts/abu-simbel-aswan-egypt-backpackers,https://www.france.fr/en/alps-mont-blanc/list/magic-first-seasonal-snowfall-alps
https://www.bucketlistly.blog/posts/luxor-the-land-of-the-palaces-egypt-solo,https://www.france.fr/en/alps-mont-blanc/list/24h-apogee-courchevel
https://www.bucketlistly.blog/posts/abu-simbel-aswan-egypt-backpackers,https://www.france.fr/en/auvergne/list/unesco-heritage-auvergne
https://www.bucketlistly.blog/posts/luxor-the-land-of-the-palaces-egypt-solo,http://www.italia.it/en/travel-ideas/culture-and-entertainment/the-egyptian-museum-of-turin.html
https://www.bucketlistly.blog/posts/abu-simbel-aswan-egypt-backpackers,http://www.italia.it/en/travel-ideas/culture-and-entertainment/the-borghese-gallery.html
https://www.bucketlistly.blog/posts/luxor-the-land-of-the-palaces-egypt-solo,http://www.italia.it/en/travel-ideas/art-and-history/italian-villages.html
https://www.bucketlistly.blog/posts/abu-simbel-aswan-egypt-backpackers,http://www.italia.it/en/discover-italy/emilia-romagna/modena.html
https://www.bucketlistly.blog/posts/luxor-the-land-of-the-palaces-egypt-solo,http://www.italia.it/en/discover-italy/campania/naples.html
https://www.bucketlistly.blog/posts/abu-simbel-aswan-egypt-backpackers,http://www.italia.it/en/discover-italy/campania/naples.html
https://www.bucketlistly.blog/posts/luxor-the-land-of-the-palaces-egypt-solo,http://www.italia.it/en/travel-ideas/lakes.html
https://www.bucketlistly.blog/posts/abu-simbel-aswan-egypt-backpackers,http://www.italia.it/en/travel-ideas/nature-and-wildlife.html
https://www.bucketlistly.blog/posts/luxor-the-land-of-the-palaces-egypt-solo,http://www.italia.it/en/travel-ideas/nature-and-wildlife/discovering-valcamonica.html
https://www.bucketlistly.blog/posts/abu-simbel-aswan-egypt-backpackers,http://www.italia.it/en/travel-ideas/nature-and-wildlife/marble-itineraries-in-the-province-of-lucca.html
https://www.bucketlistly.blog/posts/luxor-the-land-of-the-palaces-egypt-solo,http://www.italia.it/en/travel-ideas/nature-and-wildlife/the-tratturi-of-molise.html
https://www.bucketlistly.blog/posts/abu-simbel-aswan-egypt-backpackers,http://www.italia.it/en/travel-ideas/nature-and-wildlife/italy-in-green.html
https://www.bucketlistly.blog/posts/luxor-the-land-of-the-palaces-egypt-solo,http://www.italia.it/en/travel-ideas/nature-and-wildlife/the-garden-of-ninfa.html
https://www.bucketlistly.blog/posts/abu-simbel-aswan-egypt-backpackers,http://www.italia.it/en/travel-ideas/nature-and-wildlife/sulcis-iglesiente-terrain-rich-in-history.html
https://www.bucketlistly.blog/posts/luxor-the-land-of-the-palaces-egypt-solo,http://www.italia.it/en/travel-ideas/nature-and-wildlife/the-paths-of-ischia.html
https://www.bucketlistly.blog/posts/abu-simbel-aswan-egypt-backpackers,http://www.italia.it/en/travel-ideas/nature-and-wildlife/the-park-of-castelli-romani.html
https://www.bucketlistly.blog/posts/luxor-the-land-of-the-palaces-egypt-solo,http://www.italia.it/en/travel-ideas/nature-and-wildlife/basilicata-and-pollino-national-park.html
https://www.bucketlistly.blog/posts/abu-simbel-aswan-egypt-backpackers,http://www.italia.it/en/travel-ideas/nature-and-wildlife/calabria-from-the-byzantines-to-the-house-of-bourbon.html
https://www.bucketlistly.blog/posts/luxor-the-land-of-the-palaces-egypt-solo,http://www.italia.it/en/travel-ideas/nature-and-wildlife/the-lagoon-of-orbetello.html
https://www.bucketlistly.blog/posts/abu-simbel-aswan-egypt-backpackers,http://www.italia.it/en/travel-ideas/nature-and-wildlife/langhe-and-roero.html
https://www.bucketlistly.blog/posts/luxor-the-land-of-the-palaces-egypt-solo,http://www.italia.it/en/travel-ideas/nature-and-wildlife/the-valleys-of-comacchio.html
https://www.bucketlistly.blog/posts/abu-simbel-aswan-egypt-backpackers,http://www.italia.it/en/travel-ideas/nature-and-wildlife/the-villas-of-rome.html
https://www.bucketlistly.blog/posts/luxor-the-land-of-the-palaces-egypt-solo,https://docs.google.com/spreadsheets/d/1ugzi1Y1OwLqrCdkt4bdgDqNqZZVSZsMJiGVRIqcPpj4/edit#gid=0
https://www.bucketlistly.blog/posts/abu-simbel-aswan-egypt-backpackers,http://www.italia.it/en/travel-ideas/nature-and-wildlife/montepulciano.html
https://www.bucketlistly.blog/posts/luxor-the-land-of-the-palaces-egypt-solo,http://www.italia.it/en/travel-ideas/nature-and-wildlife/the-stars-over-italy.html
https://www.bucketlistly.blog/posts/abu-simbel-aswan-egypt-backpackers,http://www.italia.it/en/travel-ideas/nature-and-wildlife/ostuni-and-the-itria-valley.html
https://www.bucketlistly.blog/posts/luxor-the-land-of-the-palaces-egypt-solo,http://www.italia.it/en/travel-ideas/nature-and-wildlife/circeo-national-park.html
https://www.bucketlistly.blog/posts/abu-simbel-aswan-egypt-backpackers,http://www.italia.it/en/travel-ideas/nature-and-wildlife/traveling-barbagia.html
https://www.bucketlistly.blog/posts/luxor-the-land-of-the-palaces-egypt-solo,https://www.lonelyplanet.com/spain/barcelona/activities/lonely-planet-experiences-private-barcelona-tour-tapas-tour-in-el-raval/a/pa-act/ua-PRIESUC/360761
https://www.bucketlistly.blog/posts/abu-simbel-aswan-egypt-backpackers,https://www.lonelyplanet.com/spain/barcelona/activities/barcelona-city-sightseeing-hop-on-hop-off-bus-tour/a/pa-act/v-2916BARCELONA/360761
https://www.bucketlistly.blog/posts/luxor-the-land-of-the-palaces-egypt-solo,https://www.lonelyplanet.com/spain/barcelona/activities/barcelona-sagrada-familia-and-museum-skip-the-line-tour/a/pa-act/v-2140SAGRADA/360761
https://www.bucketlistly.blog/posts/abu-simbel-aswan-egypt-backpackers,https://www.lonelyplanet.com/spain/barcelona/activities/barcelona-best-of-tour-with-sagrada-familia-priority-access/a/pa-act/v-3142BARCELONA1/360761
https://www.bucketlistly.blog/posts/luxor-the-land-of-the-palaces-egypt-solo,https://www.lonelyplanet.com/spain/barcelona/activities/barcelona-half-day-bike-tour/a/pa-act/v-3993FTBB/360761
https://www.bucketlistly.blog/posts/abu-simbel-aswan-egypt-backpackers,https://www.lonelyplanet.com/spain/barcelona/activities/montserrat-and-cava-tasting-small-group-tour-from-barcelona/a/pa-act/v-3142MONT/360761
https://www.bucketlistly.blog/posts/luxor-the-land-of-the-palaces-egypt-solo,https://www.lonelyplanet.com/spain/barcelona/activities/salvador-dali-museum-figueres-cadaques-tour-from-barcelona/a/pa-act/v-3142DALI/360761
https://www.bucketlistly.blog/posts/abu-simbel-aswan-egypt-backpackers,https://www.lonelyplanet.com/spain/barcelona/activities/camp-nou-f-c-barcelona-open-date-ticket/a/pa-act/v-2140FCBCN/360761
https://www.bucketlistly.blog/posts/luxor-the-land-of-the-palaces-egypt-solo,https://www.lonelyplanet.com/spain/barcelona/activities/barcelona-3-hour-tapas-tasting-evening-tour/a/pa-act/v-3394BCN01TAPA/360761
https://www.bucketlistly.blog/posts/abu-simbel-aswan-egypt-backpackers,https://www.lonelyplanet.com/spain/barcelona/activities/flamenco-night-at-tablao-cordobes/a/pa-act/v-2140FLAMENCO/360761
https://www.bucketlistly.blog/posts/luxor-the-land-of-the-palaces-egypt-solo,https://www.lonelyplanet.com/spain/barcelona/activities/gaudis-casa-batllo-admission-ticket-with-smart-guide/a/pa-act/v-41211BATLLO/360761
https://www.bucketlistly.blog/posts/abu-simbel-aswan-egypt-backpackers,https://www.lonelyplanet.com/spain/barcelona/activities/spain-andorra-and-france-1-day-tour-from-barcelona/a/pa-act/v-3142THREECOUNTRIES/360761
https://www.bucketlistly.blog/posts/luxor-the-land-of-the-palaces-egypt-solo,https://www.lonelyplanet.com/spain/barcelona/activities/montserrat-royal-basilica-half-day-trip-from-barcelona/a/pa-act/v-2140JTEBA07/360761
https://www.bucketlistly.blog/posts/abu-simbel-aswan-egypt-backpackers,https://www.lonelyplanet.com/spain/barcelona/activities/montserrat-tour-from-barcelona-with-lunch-and-wine-tasting/a/pa-act/v-5716P2/360761
https://www.bucketlistly.blog/posts/luxor-the-land-of-the-palaces-egypt-solo,https://www.lonelyplanet.com/spain/barcelona/activities/barcelona-la-sagrada-familia-early-access-tour-tower-entry/a/pa-act/v-2140SAGRADATORRES/360761
https://www.bucketlistly.blog/posts/abu-simbel-aswan-egypt-backpackers,https://www.lonelyplanet.com/spain/barcelona/activities/girona-and-costa-brava-tour-from-barcelona/a/pa-act/v-3142GIRONA/360761
https://www.bucketlistly.blog/posts/luxor-the-land-of-the-palaces-egypt-solo,https://www.lonelyplanet.com/spain/barcelona/activities/small-group-medieval-villages-day-trip-from-barcelona/a/pa-act/v-3142BCNMEDIEVAL/360761
https://www.bucketlistly.blog/posts/abu-simbel-aswan-egypt-backpackers,https://www.lonelyplanet.com/spain/barcelona/activities/small-group-medieval-villages-day-trip-from-barcelona/a/pa-act/v-3142BCNMEDIEVAL/360761
https://www.bucketlistly.blog/posts/luxor-the-land-of-the-palaces-egypt-solo,https://www.lonelyplanet.com/spain/barcelona/activities/barcelona-and-montserrat-tour-park-guell-skip-the-line-entry/a/pa-act/v-5689BCNMONT/360761
https://www.bucketlistly.blog/posts/abu-simbel-aswan-egypt-backpackers,https://www.lonelyplanet.com/spain/barcelona/activities/girona-figueres-and-dali-museum-full-day-tour-from-barcelona/a/pa-act/v-2140JTEBA09/360761
https://www.bucketlistly.blog/posts/luxor-the-land-of-the-palaces-egypt-solo,https://www.lonelyplanet.com/spain/barcelona/activities/pyrenees-mountains-small-group-day-trip-from-barcelona/a/pa-act/v-3142PYREN/360761
https://www.bucketlistly.blog/posts/abu-simbel-aswan-egypt-backpackers,https://www.lonelyplanet.com/spain/barcelona/activities/morning-access-to-montserrat-monastery/a/pa-act/v-228699MONTSERRATEXC/360761
https://www.bucketlistly.blog/posts/luxor-the-land-of-the-palaces-egypt-solo,https://www.lonelyplanet.com/spain/barcelona/activities/small-group-barcelona-cooking-class/a/pa-act/v-5582BCNCOOKING/360761
https://www.bucketlistly.blog/posts/abu-simbel-aswan-egypt-backpackers,https://www.lonelyplanet.com/spain/barcelona/activities/santa-maria-de-montserrat-tour-from-barcelona-with-train-ride/a/pa-act/v-2140JTEBA07PM/360761
https://www.bucketlistly.blog/posts/luxor-the-land-of-the-palaces-egypt-solo,https://www.lonelyplanet.com/spain/barcelona/activities/gaudi-s-pedrera-the-origins-with-rooftop-light-show-cava/a/pa-act/v-5587BCNLAPEDRERA/360761
https://www.bucketlistly.blog/posts/abu-simbel-aswan-egypt-backpackers,https://www.lonelyplanet.com/spain/barcelona/activities/barcelona-gothic-quarter-morning-walking-tour/a/pa-act/v-2512BWALK01/360761
https://www.bucketlistly.blog/posts/luxor-the-land-of-the-palaces-egypt-solo,https://www.lonelyplanet.com/spain/barcelona/activities/picasso-museum-skip-the-line-access-walking-tour-in-barcelona/a/pa-act/v-2512BWALK02/360761
https://www.bucketlistly.blog/posts/abu-simbel-aswan-egypt-backpackers,https://www.lonelyplanet.com/spain/barcelona/activities/barcelona-park-guell-and-la-sagrada-familia-skip-the-line-tour/a/pa-act/v-2140SAGRADAGUELL/360761
https://www.bucketlistly.blog/posts/luxor-the-land-of-the-palaces-egypt-solo,https://www.lonelyplanet.com/spain/barcelona/activities/tarragona-and-sitges-full-day-sightseeing-tour-from-barcelona/a/pa-act/v-3142TARRA/360761
https://www.bucketlistly.blog/posts/abu-simbel-aswan-egypt-backpackers,https://www.lonelyplanet.com/spain/barcelona/activities/barcelona-to-catalonia-hot-air-balloon-flight-including-brunch/a/pa-act/v-2646BCNBALLOON/360761
https://www.bucketlistly.blog/posts/luxor-the-land-of-the-palaces-egypt-solo,https://www.lonelyplanet.com/spain/barcelona/attractions/palau-guell/a/poi-sig/374909/360761
https://www.bucketlistly.blog/posts/abu-simbel-aswan-egypt-backpackers,https://www.lonelyplanet.com/spain/barcelona/attractions/la-sagrada-familia/a/poi-sig/374867/360761
https://www.bucketlistly.blog/posts/luxor-the-land-of-the-palaces-egypt-solo,https://www.lonelyplanet.com/spain/barcelona/attractions/park-guell/a/poi-sig/374905/360761
https://www.bucketlistly.blog/posts/abu-simbel-aswan-egypt-backpackers,https://www.lonelyplanet.com/spain/barcelona/attractions/casa-batllo/a/poi-sig/375147/360761
https://www.bucketlistly.blog/posts/luxor-the-land-of-the-palaces-egypt-solo,https://www.lonelyplanet.com/spain/barcelona/attractions/museu-picasso/a/poi-sig/374865/360761
https://www.bucketlistly.blog/posts/abu-simbel-aswan-egypt-backpackers,https://www.lonelyplanet.com/spain/barcelona/attractions/la-catedral/a/poi-sig/1204430/360761
https://www.bucketlistly.blog/posts/luxor-the-land-of-the-palaces-egypt-solo,https://www.lonelyplanet.com/spain/barcelona/attractions/macba/a/poi-sig/1267878/360761
https://www.bucketlistly.blog/posts/abu-simbel-aswan-egypt-backpackers,https://www.lonelyplanet.com/spain/barcelona/attractions/mercat-de-la-boqueria/a/poi-sig/1260157/360761
https://www.bucketlistly.blog/posts/luxor-the-land-of-the-palaces-egypt-solo,https://www.lonelyplanet.com/spain/barcelona/attractions/barca-stadium-tour-museum/a/poi-sig/1105758/360761
https://www.bucketlistly.blog/posts/abu-simbel-aswan-egypt-backpackers,https://www.lonelyplanet.com/spain/barcelona/attractions/la-rambla/a/poi-sig/1105382/360761
https://www.bucketlistly.blog/posts/luxor-the-land-of-the-palaces-egypt-solo,https://www.lonelyplanet.com/spain/barcelona/attractions/reial-monestir-de-santa-maria-de-pedralbes/a/poi-sig/375369/360761
https://www.bucketlistly.blog/posts/abu-simbel-aswan-egypt-backpackers,https://www.lonelyplanet.com/spain/barcelona/attractions/cosmocaixa/a/poi-sig/375353/360761
https://www.bucketlistly.blog/posts/luxor-the-land-of-the-palaces-egypt-solo,https://www.lonelyplanet.com/spain/madrid/attractions/museo-del-prado/a/poi-sig/399599/360770
https://www.bucketlistly.blog/posts/abu-simbel-aswan-egypt-backpackers,https://www.lonelyplanet.com/spain/madrid/attractions/museo-thyssen-bornemisza/a/poi-sig/399601/360770
https://www.bucketlistly.blog/posts/luxor-the-land-of-the-palaces-egypt-solo,https://www.lonelyplanet.com/spain/madrid/attractions/centro-de-arte-reina-sofia/a/poi-sig/399591/360770
https://www.bucketlistly.blog/posts/abu-simbel-aswan-egypt-backpackers,https://www.lonelyplanet.com/spain/madrid/attractions/parque-del-buen-retiro/a/poi-sig/399603/360770
https://www.bucketlistly.blog/posts/luxor-the-land-of-the-palaces-egypt-solo,https://www.lonelyplanet.com/spain/madrid/attractions/museo-lazaro-galdiano/a/poi-sig/1094855/360770
https://www.bucketlistly.blog/posts/abu-simbel-aswan-egypt-backpackers,https://www.lonelyplanet.com/spain/madrid/attractions/real-academia-de-bellas-artes-de-san-fernando/a/poi-sig/1094815/360770
https://www.bucketlistly.blog/posts/luxor-the-land-of-the-palaces-egypt-solo,https://www.lonelyplanet.com/spain/madrid/attractions/real-academia-de-bellas-artes-de-san-fernando/a/poi-sig/1094815/360770
https://www.bucketlistly.blog/posts/abu-simbel-aswan-egypt-backpackers,https://www.lonelyplanet.com/spain/madrid/attractions/plaza-mayor/a/poi-sig/399605/360770
https://www.bucketlistly.blog/posts/luxor-the-land-of-the-palaces-egypt-solo,https://www.lonelyplanet.com/spain/madrid/attractions/plaza-de-toros/a/poi-sig/1205219/360770
https://www.bucketlistly.blog/posts/abu-simbel-aswan-egypt-backpackers,https://www.lonelyplanet.com/spain/madrid/attractions/basilica-de-san-francisco-el-grande/a/poi-sig/1094816/360770
https://www.bucketlistly.blog/posts/luxor-the-land-of-the-palaces-egypt-solo,https://www.lonelyplanet.com/spain/madrid/attractions/palacio-real/a/poi-sig/1094799/360770
https://www.bucketlistly.blog/posts/abu-simbel-aswan-egypt-backpackers,https://www.lonelyplanet.com/spain/madrid/attractions/el-rastro/a/poi-sig/1205457/360770
https://www.bucketlistly.blog/posts/luxor-the-land-of-the-palaces-egypt-solo,https://www.lonelyplanet.com/spain/valencia-and-murcia/valencia/attractions/catedral-de-valencia/a/poi-sig/1208739/1004392
https://www.bucketlistly.blog/posts/abu-simbel-aswan-egypt-backpackers,https://www.lonelyplanet.com/spain/valencia-and-murcia/valencia/attractions/museo-nacional-de-ceramica/a/poi-sig/1208766/1004392
https://www.bucketlistly.blog/posts/luxor-the-land-of-the-palaces-egypt-solo,https://www.lonelyplanet.com/spain/seville/attractions/real-alcazar/a/poi-sig/411802/360736
https://www.bucketlistly.blog/posts/abu-simbel-aswan-egypt-backpackers,https://www.lonelyplanet.com/spain/seville/attractions/catedral-giralda/a/poi-sig/1210358/360736
https://www.bucketlistly.blog/posts/luxor-the-land-of-the-palaces-egypt-solo,https://www.lonelyplanet.com/spain/seville/attractions/museo-de-bellas-artes/a/poi-sig/1206767/360736
https://www.bucketlistly.blog/posts/abu-simbel-aswan-egypt-backpackers,https://www.lonelyplanet.com/spain/seville/attractions/parque-de-maria-luisa/a/poi-sig/411866/360736
https://www.bucketlistly.blog/posts/luxor-the-land-of-the-palaces-egypt-solo,https://www.lonelyplanet.com/england/london/attractions/westminster-abbey/a/poi-sig/370357/358914
https://www.bucketlistly.blog/posts/abu-simbel-aswan-egypt-backpackers,https://www.lonelyplanet.com/england/london/attractions/british-museum/a/poi-sig/370373/358914
https://www.bucketlistly.blog/posts/luxor-the-land-of-the-palaces-egypt-solo,https://www.lonelyplanet.com/england/london/attractions/national-gallery/a/poi-sig/370399/358914
https://www.bucketlistly.blog/posts/abu-simbel-aswan-egypt-backpackers,https://www.lonelyplanet.com/england/london/attractions/national-gallery/a/poi-sig/370399/358914
https://www.bucketlistly.blog/posts/luxor-the-land-of-the-palaces-egypt-solo,https://www.lonelyplanet.com/england/london/attractions/houses-of-parliament/a/poi-sig/370359/358914
https://www.bucketlistly.blog/posts/abu-simbel-aswan-egypt-backpackers,https://www.lonelyplanet.com/england/london/attractions/trafalgar-square/a/poi-sig/1092896/358914
https://www.bucketlistly.blog/posts/luxor-the-land-of-the-palaces-egypt-solo,https://www.lonelyplanet.com/england/london/attractions/tate-britain/a/poi-sig/370389/358914
https://www.bucketlistly.blog/posts/abu-simbel-aswan-egypt-backpackers,https://www.lonelyplanet.com/england/london/attractions/royal-academy-of-arts/a/poi-sig/370773/358914
https://www.bucketlistly.blog/posts/luxor-the-land-of-the-palaces-egypt-solo,https://www.lonelyplanet.com/england/london/attractions/buckingham-palace/a/poi-sig/370369/358914
https://www.bucketlistly.blog/posts/abu-simbel-aswan-egypt-backpackers,https://www.lonelyplanet.com/england/london/tours/highlights-of-british-experience-tour/a/pa-tou/v-53176P7/358914
https://www.bucketlistly.blog/posts/luxor-the-land-of-the-palaces-egypt-solo,https://www.lonelyplanet.com/russia/st-petersburg/attractions/state-hermitage-museum/a/poi-sig/1278294/360547
https://www.bucketlistly.blog/posts/abu-simbel-aswan-egypt-backpackers,https://www.lonelyplanet.com/russia/st-petersburg/activities/tour-to-the-state-hermitage-museum/a/pa-act/v-19031P14/360547
https://www.bucketlistly.blog/posts/luxor-the-land-of-the-palaces-egypt-solo,https://www.lonelyplanet.com/russia/petrodvorets/activities/peterhoff-park-and-palace/a/pa-act/v-119913P1/360453
https://www.bucketlistly.blog/posts/abu-simbel-aswan-egypt-backpackers,https://www.lonelyplanet.com/russia/petrodvorets/activities/small-group-tour-of-peterhof-grand-palace-and-park/a/pa-act/v-7348P38/360453
https://www.bucketlistly.blog/posts/luxor-the-land-of-the-palaces-egypt-solo,https://www.lonelyplanet.com/russia/st-petersburg/activities/private-excursion-to-the-hermitage-and-the-general-staff-building-st-petersburg/a/pa-act/v-132665P1/360547
https://www.bucketlistly.blog/posts/abu-simbel-aswan-egypt-backpackers,https://www.lonelyplanet.com/russia/st-petersburg/activities/private-tour-of-russian-museum-and-general-staff-building-in-st-petersburg/a/pa-act/v-7768P28/360547
https://www.bucketlistly.blog/posts/luxor-the-land-of-the-palaces-egypt-solo,https://www.lonelyplanet.com/russia/st-petersburg/activities/two-day-general-city-tour/a/pa-act/v-122411P9/360547
https://www.bucketlistly.blog/posts/abu-simbel-aswan-egypt-backpackers,https://www.lonelyplanet.com/russia/st-petersburg/activities/half-day-tour-of-peterhof-petrodvorets/a/pa-act/v-3887PF/360547
https://www.bucketlistly.blog/posts/luxor-the-land-of-the-palaces-egypt-solo,https://www.lonelyplanet.com/russia/st-petersburg/activities/st-petersburg-2-day-shore-tour-hermitage-catherine-palace/a/pa-act/v-7692P1/360547
https://www.bucketlistly.blog/posts/abu-simbel-aswan-egypt-backpackers,https://www.lonelyplanet.com/russia/st-petersburg/activities/st-petersburg-hermitage-museum-skip-the-line-ticket-and-tour/a/pa-act/v-6955HERM/360547
https://www.bucketlistly.blog/posts/luxor-the-land-of-the-palaces-egypt-solo,https://www.lonelyplanet.com/russia/st-petersburg/activities/grand-tour-of-st-petersburg/a/pa-act/v-3887GT/360547
https://www.bucketlistly.blog/posts/abu-simbel-aswan-egypt-backpackers,https://www.lonelyplanet.com/russia/st-petersburg/activities/st-petersburg-shore-excursion-visa-free-2-day-tour/a/pa-act/v-7351P1/360547
https://www.bucketlistly.blog/posts/luxor-the-land-of-the-palaces-egypt-solo,https://www.lonelyplanet.com/russia/st-petersburg/activities/st-petersburg-visa-free-2-day-all-highlights-group-tour/a/pa-act/v-7348P3/360547
https://www.bucketlistly.blog/posts/abu-simbel-aswan-egypt-backpackers,https://www.lonelyplanet.com/articles/exploring-japanese-traditions-in-the-deep-north-region-of-tohoku
https://www.bucketlistly.blog/posts/luxor-the-land-of-the-palaces-egypt-solo,https://www.germany.travel/en/specials/family-attractions/miniature-wonderland-hamburg.html
https://www.bucketlistly.blog/posts/abu-simbel-aswan-egypt-backpackers,https://www.germany.travel/en/specials/family-attractions/europa-park-in-rust.html
https://www.bucketlistly.blog/posts/luxor-the-land-of-the-palaces-egypt-solo,https://www.germany.travel/en/towns-cities-culture/palaces-parks-gardens/famous-figures/fairytale-refuges-for-the-fairytale-king/neuschwanstein-castle.html
https://www.bucketlistly.blog/posts/abu-simbel-aswan-egypt-backpackers,https://www.germany.travel/en/towns-cities-culture/top-100/content/lake-constance-with-mainau-island-and-monastic-island-of-reichenau.html
https://www.bucketlistly.blog/posts/luxor-the-land-of-the-palaces-egypt-solo,https://www.germany.travel/en/towns-cities-culture/towns-cities/rothenburg.html
https://www.bucketlistly.blog/posts/abu-simbel-aswan-egypt-backpackers,https://www.germany.travel/en/towns-cities-culture/towns-cities/magic-cities/dresden.html
https://www.bucketlistly.blog/posts/luxor-the-land-of-the-palaces-egypt-solo,https://www.germany.travel/en/towns-cities-culture/palaces-parks-gardens/eras-styles/from-renaissance-to-romanticism/heidelberg-castle.html
https://www.bucketlistly.blog/posts/abu-simbel-aswan-egypt-backpackers,https://www.germany.travel/en/specials/family-attractions/phantasialand-in-bruehl.html
https://www.bucketlistly.blog/posts/luxor-the-land-of-the-palaces-egypt-solo,https://www.germany.travel/en/specials/family-attractions/hellabrunn-zoomunich.html
https://www.bucketlistly.blog/posts/abu-simbel-aswan-egypt-backpackers,https://www.germany.travel/en/towns-cities-culture/top-100/content/the-moselle-valley.html
https://www.bucketlistly.blog/posts/luxor-the-land-of-the-palaces-egypt-solo,https://www.germany.travel/en/towns-cities-culture/unesco-world-heritage/cologne-cathedral.html
https://www.bucketlistly.blog/posts/abu-simbel-aswan-egypt-backpackers,https://www.germany.travel/en/towns-cities-culture/unesco-world-heritage/cologne-cathedral.html
https://www.bucketlistly.blog/posts/luxor-the-land-of-the-palaces-egypt-solo,
https://www.bucketlistly.blog/posts/abu-simbel-aswan-egypt-backpackers,
https://www.bucketlistly.blog/posts/luxor-the-land-of-the-palaces-egypt-solo,
https://www.bucketlistly.blog/posts/abu-simbel-aswan-egypt-backpackers,
https://www.bucketlistly.blog/posts/luxor-the-land-of-the-palaces-egypt-solo,